RECONCILIATION WORKSHEET,,,,,,,,,,,,,,
Period:,________,,Bank Account:,________,,,,Prepared By:,________,,Date:,________,,
,,,,,,,,,,,,,,
INSTRUCTIONS,,,,,,,,,,,,,,
"1. Export Cash records from WebClerk (wcapi) for the period and paste into the CASH RECORDS section below.",,,,,,,,,,,,,,
"2. Import your bank statement CSV (use Statement Sorter at webclerk.com/sort/ to pre-sort) and paste into the BANK STATEMENT section.",,,,,,,,,,,,,,
"3. Match transactions: enter the Bank Line # in the Match column of each Cash record, or the Cash ida in the Match column of each Bank line.",,,,,,,,,,,,,,
"4. Review the SUMMARY section at the bottom. Unmatched items need investigation.",,,,,,,,,,,,,,
"5. When complete, save and upload to WebClerk library for your records.",,,,,,,,,,,,,,
,,,,,,,,,,,,,,
═══════════════,,,,,,,,,,,,,,
CASH RECORDS (paste WebClerk export below),,,,,,,,,,,,,,
═══════════════,,,,,,,,,,,,,,
ida,dt_payment,type,amount,method,reference_number,gateway,gateway_transaction_id,category,contact,status,reconciled,Match (Bank Line #),Notes,Variance
,,,,,,,,,,,,,,
,,,,,,,,,,,,,,
,,,,,,,,,,,,,,
,,,,,,,,,,,,,,
,,,,,,,,,,,,,,
,,,,,,,,,,,,,,
,,,,,,,,,,,,,,
,,,,,,,,,,,,,,
,,,,,,,,,,,,,,
,,,,,,,,,,,,,,
,,,,,,,,,,,,,,
,,,,,,,,,,,,,,
,,,,,,,,,,,,,,
,,,,,,,,,,,,,,
,,,,,,,,,,,,,,
,,,,,,,,,,,,,,
,,,,,,,,,,,,,,
,,,,,,,,,,,,,,
,,,,,,,,,,,,,,
,,,,,,,,,,,,,,
,,,,,,,,,,,,,,
,,,,,,,,,,,,,,
,,,,,,,,,,,,,,
,,,,,,,,,,,,,,
,,,,,,,,,,,,,,
,,,,,,,,,,,,,,
,,,,,,,,,,,,,,
,,,,,,,,,,,,,,
,,,,,,,,,,,,,,
,,,,,,,,,,,,,,
,,,,,,,,,,,,,,
═══════════════,,,,,,,,,,,,,,
BANK STATEMENT (paste sorted statement below),,,,,,,,,,,,,,
═══════════════,,,,,,,,,,,,,,
Line #,Date,Description,Amount,Category,Reference,Type,Match (Cash ida),Notes,Variance,,,,,
,,,,,,,,,,,,,,
,,,,,,,,,,,,,,
,,,,,,,,,,,,,,
,,,,,,,,,,,,,,
,,,,,,,,,,,,,,
,,,,,,,,,,,,,,
,,,,,,,,,,,,,,
,,,,,,,,,,,,,,
,,,,,,,,,,,,,,
,,,,,,,,,,,,,,
,,,,,,,,,,,,,,
,,,,,,,,,,,,,,
,,,,,,,,,,,,,,
,,,,,,,,,,,,,,
,,,,,,,,,,,,,,
,,,,,,,,,,,,,,
,,,,,,,,,,,,,,
,,,,,,,,,,,,,,
,,,,,,,,,,,,,,
,,,,,,,,,,,,,,
,,,,,,,,,,,,,,
,,,,,,,,,,,,,,
,,,,,,,,,,,,,,
,,,,,,,,,,,,,,
,,,,,,,,,,,,,,
,,,,,,,,,,,,,,
,,,,,,,,,,,,,,
,,,,,,,,,,,,,,
,,,,,,,,,,,,,,
,,,,,,,,,,,,,,
,,,,,,,,,,,,,,
═══════════════,,,,,,,,,,,,,,
SUMMARY,,,,,,,,,,,,,,
═══════════════,,,,,,,,,,,,,,
,Cash Records,Bank Lines,,,,,,,,,,,,,
Total Records:,=COUNTA(A13:A42)-COUNTBLANK(A13:A42),=COUNTA(A46:A76)-COUNTBLANK(A46:A76),,,,,,,,,,,,,
Total Amount:,=SUMPRODUCT((A13:A42<>"")*1*D13:D42),=SUMPRODUCT((A46:A76<>"")*1*D46:D76),,,,,,,,,,,,,
Matched:,=COUNTA(M13:M42)-COUNTBLANK(M13:M42),=COUNTA(H46:H76)-COUNTBLANK(H46:H76),,,,,,,,,,,,,
Unmatched:,=B80-B82,=C80-C82,,,,,,,,,,,,,
Variance:,=B81-C81,,,,,,,,,,,,,,
,,,,,,,,,,,,,,
STATUS:,"=IF(B84=0,""RECONCILED"",""VARIANCE: ""&TEXT(B84,""$#,##0.00""))",,,,,,,,,,,,,,
